,Sample ID,Source plate,Source well,Destination plate,Destination well,Transfer Volume,Source Plate Type
0,C0001_10.0,PB000164,A1,PB000146,A1,2.5,384PP_DMSO2
2,C0002_10.0,PB000164,A2,PB000146,A2,20.0,384PP_DMSO2
4,C0003_10.0,PB000164,A3,PB000146,A3,50.0,384PP_DMSO2
6,C0004_10.0,PB000164,A4,PB000146,A4,100.0,384PP_DMSO2
8,C0005_10.0,PB000164,A5,PB000146,A5,200.0,384PP_DMSO2
10,C0006_10.0,PB000164,A6,PB000146,A6,2.5,384PP_DMSO2
12,C0007_10.0,PB000164,A7,PB000146,A7,20.0,384PP_DMSO2
14,C0008_10.0,PB000164,A8,PB000146,A8,50.0,384PP_DMSO2
16,C0009_10.0,PB000164,A9,PB000146,A9,100.0,384PP_DMSO2
18,C0010_10.0,PB000164,A10,PB000146,A10,200.0,384PP_DMSO2
20,C0011_10.0,PB000164,A11,PB000146,A11,2.5,384PP_DMSO2
22,C0012_10.0,PB000164,A12,PB000146,A12,20.0,384PP_DMSO2
24,C0013_10.0,PB000164,A13,PB000146,A13,50.0,384PP_DMSO2
26,C0014_10.0,PB000164,A14,PB000146,A14,100.0,384PP_DMSO2
28,C0015_10.0,PB000164,A15,PB000146,A15,200.0,384PP_DMSO2
30,C0016_10.0,PB000164,A16,PB000146,A16,2.5,384PP_DMSO2
32,C0017_10.0,PB000164,A17,PB000146,A17,20.0,384PP_DMSO2
34,C0018_10.0,PB000164,A18,PB000146,A18,50.0,384PP_DMSO2
36,C0019_10.0,PB000164,A19,PB000146,A19,100.0,384PP_DMSO2
38,C0020_10.0,PB000164,A20,PB000146,A20,200.0,384PP_DMSO2
40,C0021_10.0,PB000164,A21,PB000146,A21,2.5,384PP_DMSO2
42,C0022_10.0,PB000164,A22,PB000146,A22,20.0,384PP_DMSO2
44,C0023_10.0,PB000164,A23,PB000146,A23,50.0,384PP_DMSO2
46,C0024_10.0,PB000164,A24,PB000146,A24,100.0,384PP_DMSO2
48,C0025_10.0,PB000164,B1,PB000146,B1,200.0,384PP_DMSO2
50,C0026_10.0,PB000164,B2,PB000146,B2,2.5,384PP_DMSO2
52,C0027_10.0,PB000164,B3,PB000146,B3,20.0,384PP_DMSO2
54,C0028_10.0,PB000164,B4,PB000146,B4,50.0,384PP_DMSO2
56,C0029_10.0,PB000164,B5,PB000146,B5,100.0,384PP_DMSO2
58,C0030_10.0,PB000164,B6,PB000146,B6,200.0,384PP_DMSO2
60,C0031_10.0,PB000164,B7,PB000146,B7,2.5,384PP_DMSO2
62,C0032_10.0,PB000164,B8,PB000146,B8,20.0,384PP_DMSO2
64,C0033_10.0,PB000164,B9,PB000146,B9,50.0,384PP_DMSO2
66,C0034_10.0,PB000164,B10,PB000146,B10,100.0,384PP_DMSO2
68,C0035_10.0,PB000164,B11,PB000146,B11,200.0,384PP_DMSO2
70,C0036_10.0,PB000164,B12,PB000146,B12,2.5,384PP_DMSO2
72,C0037_10.0,PB000164,B13,PB000146,B13,20.0,384PP_DMSO2
74,C0038_10.0,PB000164,B14,PB000146,B14,50.0,384PP_DMSO2
76,C0039_10.0,PB000164,B15,PB000146,B15,100.0,384PP_DMSO2
78,C0040_10.0,PB000164,B16,PB000146,B16,200.0,384PP_DMSO2
80,C0041_10.0,PB000164,B17,PB000146,B17,2.5,384PP_DMSO2
82,C0042_10.0,PB000164,B18,PB000146,B18,20.0,384PP_DMSO2
84,C0043_10.0,PB000164,B19,PB000146,B19,50.0,384PP_DMSO2
86,C0044_10.0,PB000164,B20,PB000146,B20,100.0,384PP_DMSO2
88,C0045_10.0,PB000164,B21,PB000146,B21,200.0,384PP_DMSO2
90,C0046_10.0,PB000164,B22,PB000146,B22,2.5,384PP_DMSO2
92,C0047_10.0,PB000164,B23,PB000146,B23,20.0,384PP_DMSO2
94,C0048_10.0,PB000164,B24,PB000146,B24,50.0,384PP_DMSO2
96,C0049_10.0,PB000164,C1,PB000146,C1,100.0,384PP_DMSO2
98,C0050_10.0,PB000164,C2,PB000146,C2,200.0,384PP_DMSO2
100,C0051_10.0,PB000164,C3,PB000146,C3,2.5,384PP_DMSO2
102,C0052_10.0,PB000164,C4,PB000146,C4,20.0,384PP_DMSO2
104,C0053_10.0,PB000164,C5,PB000146,C5,50.0,384PP_DMSO2
106,C0054_10.0,PB000164,C6,PB000146,C6,100.0,384PP_DMSO2
108,C0055_10.0,PB000164,C7,PB000146,C7,200.0,384PP_DMSO2
110,C0056_10.0,PB000164,C8,PB000146,C8,2.5,384PP_DMSO2
112,C0057_10.0,PB000164,C9,PB000146,C9,20.0,384PP_DMSO2
114,C0058_10.0,PB000164,C10,PB000146,C10,50.0,384PP_DMSO2
116,C0059_10.0,PB000164,C11,PB000146,C11,100.0,384PP_DMSO2
118,C0060_10.0,PB000164,C12,PB000146,C12,200.0,384PP_DMSO2
120,C0061_10.0,PB000164,C13,PB000146,C13,2.5,384PP_DMSO2
122,C0062_10.0,PB000164,C14,PB000146,C14,20.0,384PP_DMSO2
124,C0063_10.0,PB000164,C15,PB000146,C15,50.0,384PP_DMSO2
126,C0064_10.0,PB000164,C16,PB000146,C16,100.0,384PP_DMSO2
128,C0065_10.0,PB000164,C17,PB000146,C17,200.0,384PP_DMSO2
130,C0066_10.0,PB000164,C18,PB000146,C18,2.5,384PP_DMSO2
132,C0067_10.0,PB000164,C19,PB000146,C19,20.0,384PP_DMSO2
134,C0068_10.0,PB000164,C20,PB000146,C20,50.0,384PP_DMSO2
136,C0069_10.0,PB000164,C21,PB000146,C21,100.0,384PP_DMSO2
138,C0070_10.0,PB000164,C22,PB000146,C22,200.0,384PP_DMSO2
140,C0071_10.0,PB000164,C23,PB000146,C23,2.5,384PP_DMSO2
142,C0072_10.0,PB000164,C24,PB000146,C24,20.0,384PP_DMSO2
144,C0073_10.0,PB000164,D1,PB000146,D1,50.0,384PP_DMSO2
146,C0074_10.0,PB000164,D2,PB000146,D2,100.0,384PP_DMSO2
148,C0075_10.0,PB000164,D3,PB000146,D3,200.0,384PP_DMSO2
150,C0076_10.0,PB000164,D4,PB000146,D4,2.5,384PP_DMSO2
152,C0077_10.0,PB000164,D5,PB000146,D5,20.0,384PP_DMSO2
154,C0078_10.0,PB000164,D6,PB000146,D6,50.0,384PP_DMSO2
156,C0079_10.0,PB000164,D7,PB000146,D7,100.0,384PP_DMSO2
158,C0080_10.0,PB000164,D8,PB000146,D8,200.0,384PP_DMSO2
160,C0081_10.0,PB000164,D9,PB000146,D9,2.5,384PP_DMSO2
162,C0082_10.0,PB000164,D10,PB000146,D10,20.0,384PP_DMSO2
164,C0083_10.0,PB000164,D11,PB000146,D11,50.0,384PP_DMSO2
166,C0084_10.0,PB000164,D12,PB000146,D12,100.0,384PP_DMSO2
168,C0085_10.0,PB000164,D13,PB000146,D13,200.0,384PP_DMSO2
170,C0086_10.0,PB000164,D14,PB000146,D14,2.5,384PP_DMSO2
172,C0087_10.0,PB000164,D15,PB000146,D15,20.0,384PP_DMSO2
174,C0088_10.0,PB000164,D16,PB000146,D16,50.0,384PP_DMSO2
176,C0089_10.0,PB000164,D17,PB000146,D17,100.0,384PP_DMSO2
178,C0090_10.0,PB000164,D18,PB000146,D18,200.0,384PP_DMSO2
180,C0091_10.0,PB000164,D19,PB000146,D19,2.5,384PP_DMSO2
182,C0092_10.0,PB000164,D20,PB000146,D20,20.0,384PP_DMSO2
184,C0093_10.0,PB000164,D21,PB000146,D21,50.0,384PP_DMSO2
186,C0094_10.0,PB000164,D22,PB000146,D22,100.0,384PP_DMSO2
188,C0095_10.0,PB000164,D23,PB000146,D23,200.0,384PP_DMSO2
190,C0096_10.0,PB000164,D24,PB000146,D24,2.5,384PP_DMSO2
192,C0097_10.0,PB000164,E1,PB000146,E1,20.0,384PP_DMSO2
194,C0098_10.0,PB000164,E2,PB000146,E2,50.0,384PP_DMSO2
196,C0099_10.0,PB000164,E3,PB000146,E3,100.0,384PP_DMSO2
198,C0100_10.0,PB000164,E4,PB000146,E4,200.0,384PP_DMSO2
200,C0101_10.0,PB000164,E5,PB000146,E5,2.5,384PP_DMSO2
202,C0102_10.0,PB000164,E6,PB000146,E6,20.0,384PP_DMSO2
204,C0103_10.0,PB000164,E7,PB000146,E7,50.0,384PP_DMSO2
206,C0104_10.0,PB000164,E8,PB000146,E8,100.0,384PP_DMSO2
208,C0105_10.0,PB000164,E9,PB000146,E9,200.0,384PP_DMSO2
210,C0106_10.0,PB000164,E10,PB000146,E10,2.5,384PP_DMSO2
212,C0107_10.0,PB000164,E11,PB000146,E11,20.0,384PP_DMSO2
214,C0108_10.0,PB000164,E12,PB000146,E12,50.0,384PP_DMSO2
216,C0109_10.0,PB000164,E13,PB000146,E13,100.0,384PP_DMSO2
218,C0110_10.0,PB000164,E14,PB000146,E14,200.0,384PP_DMSO2
220,C0111_10.0,PB000164,E15,PB000146,E15,2.5,384PP_DMSO2
222,C0112_10.0,PB000164,E16,PB000146,E16,20.0,384PP_DMSO2
224,C0113_10.0,PB000164,E17,PB000146,E17,50.0,384PP_DMSO2
226,C0114_10.0,PB000164,E18,PB000146,E18,100.0,384PP_DMSO2
228,C0115_10.0,PB000164,E19,PB000146,E19,200.0,384PP_DMSO2
230,C0116_10.0,PB000164,E20,PB000146,E20,2.5,384PP_DMSO2
232,C0117_10.0,PB000164,E21,PB000146,E21,20.0,384PP_DMSO2
234,C0118_10.0,PB000164,E22,PB000146,E22,50.0,384PP_DMSO2
236,C0119_10.0,PB000164,E23,PB000146,E23,100.0,384PP_DMSO2
238,C0120_10.0,PB000164,E24,PB000146,E24,200.0,384PP_DMSO2
240,C0121_10.0,PB000164,F1,PB000146,F1,2.5,384PP_DMSO2
242,C0122_10.0,PB000164,F2,PB000146,F2,20.0,384PP_DMSO2
244,C0123_10.0,PB000164,F3,PB000146,F3,50.0,384PP_DMSO2
246,C0124_10.0,PB000164,F4,PB000146,F4,100.0,384PP_DMSO2
248,C0125_10.0,PB000164,F5,PB000146,F5,200.0,384PP_DMSO2
250,C0126_10.0,PB000164,F6,PB000146,F6,2.5,384PP_DMSO2
252,C0127_10.0,PB000164,F7,PB000146,F7,20.0,384PP_DMSO2
254,C0128_10.0,PB000164,F8,PB000146,F8,50.0,384PP_DMSO2
256,C0129_10.0,PB000164,F9,PB000146,F9,100.0,384PP_DMSO2
258,C0130_10.0,PB000164,F10,PB000146,F10,200.0,384PP_DMSO2
260,C0131_10.0,PB000164,F11,PB000146,F11,2.5,384PP_DMSO2
262,C0132_10.0,PB000164,F12,PB000146,F12,20.0,384PP_DMSO2
264,C0133_10.0,PB000164,F13,PB000146,F13,50.0,384PP_DMSO2
266,C0134_10.0,PB000164,F14,PB000146,F14,100.0,384PP_DMSO2
268,C0135_10.0,PB000164,F15,PB000146,F15,200.0,384PP_DMSO2
270,C0136_10.0,PB000164,F16,PB000146,F16,2.5,384PP_DMSO2
272,C0137_10.0,PB000164,F17,PB000146,F17,20.0,384PP_DMSO2
274,C0138_10.0,PB000164,F18,PB000146,F18,50.0,384PP_DMSO2
276,C0139_10.0,PB000164,F19,PB000146,F19,100.0,384PP_DMSO2
278,C0140_10.0,PB000164,F20,PB000146,F20,200.0,384PP_DMSO2
280,C0141_10.0,PB000164,F21,PB000146,F21,2.5,384PP_DMSO2
282,C0142_10.0,PB000164,F22,PB000146,F22,20.0,384PP_DMSO2
284,C0143_10.0,PB000164,F23,PB000146,F23,50.0,384PP_DMSO2
286,C0144_10.0,PB000164,F24,PB000146,F24,100.0,384PP_DMSO2
288,C0145_10.0,PB000164,G1,PB000146,G1,200.0,384PP_DMSO2
290,C0146_10.0,PB000164,G2,PB000146,G2,2.5,384PP_DMSO2
292,C0147_10.0,PB000164,G3,PB000146,G3,20.0,384PP_DMSO2
294,C0148_10.0,PB000164,G4,PB000146,G4,50.0,384PP_DMSO2
296,C0149_10.0,PB000164,G5,PB000146,G5,100.0,384PP_DMSO2
298,C0150_10.0,PB000164,G6,PB000146,G6,200.0,384PP_DMSO2
300,C0151_10.0,PB000164,G7,PB000146,G7,2.5,384PP_DMSO2
302,C0152_10.0,PB000164,G8,PB000146,G8,20.0,384PP_DMSO2
304,C0153_10.0,PB000164,G9,PB000146,G9,50.0,384PP_DMSO2
306,C0154_10.0,PB000164,G10,PB000146,G10,100.0,384PP_DMSO2
308,C0155_10.0,PB000164,G11,PB000146,G11,200.0,384PP_DMSO2
310,C0156_10.0,PB000164,G12,PB000146,G12,2.5,384PP_DMSO2
312,C0157_10.0,PB000164,G13,PB000146,G13,20.0,384PP_DMSO2
314,C0158_10.0,PB000164,G14,PB000146,G14,50.0,384PP_DMSO2
316,C0159_10.0,PB000164,G15,PB000146,G15,100.0,384PP_DMSO2
318,C0160_10.0,PB000164,G16,PB000146,G16,200.0,384PP_DMSO2
320,C0161_10.0,PB000164,G17,PB000146,G17,2.5,384PP_DMSO2
322,C0162_10.0,PB000164,G18,PB000146,G18,20.0,384PP_DMSO2
324,C0163_10.0,PB000164,G19,PB000146,G19,50.0,384PP_DMSO2
326,C0164_10.0,PB000164,G20,PB000146,G20,100.0,384PP_DMSO2
328,C0165_10.0,PB000164,G21,PB000146,G21,200.0,384PP_DMSO2
330,C0166_10.0,PB000164,G22,PB000146,G22,2.5,384PP_DMSO2
332,C0167_10.0,PB000164,G23,PB000146,G23,20.0,384PP_DMSO2
334,C0168_10.0,PB000164,G24,PB000146,G24,50.0,384PP_DMSO2
336,C0169_10.0,PB000164,H1,PB000146,H1,100.0,384PP_DMSO2
338,C0170_10.0,PB000164,H2,PB000146,H2,200.0,384PP_DMSO2
340,C0171_10.0,PB000164,H3,PB000146,H3,2.5,384PP_DMSO2
342,C0172_10.0,PB000164,H4,PB000146,H4,20.0,384PP_DMSO2
344,C0173_10.0,PB000164,H5,PB000146,H5,50.0,384PP_DMSO2
346,C0174_10.0,PB000164,H6,PB000146,H6,100.0,384PP_DMSO2
348,C0175_10.0,PB000164,H7,PB000146,H7,200.0,384PP_DMSO2
350,C0176_10.0,PB000164,H8,PB000146,H8,2.5,384PP_DMSO2
352,C0177_10.0,PB000164,H9,PB000146,H9,20.0,384PP_DMSO2
354,C0178_10.0,PB000164,H10,PB000146,H10,50.0,384PP_DMSO2
356,C0179_10.0,PB000164,H11,PB000146,H11,100.0,384PP_DMSO2
358,C0180_10.0,PB000164,H12,PB000146,H12,200.0,384PP_DMSO2
360,C0181_10.0,PB000164,B18,PB000147,A1,20.0,384PP_DMSO2
362,C0182_10.0,PB000164,B19,PB000147,A2,50.0,384PP_DMSO2
364,C0183_10.0,PB000164,B20,PB000147,A3,100.0,384PP_DMSO2
366,C0184_10.0,PB000164,B21,PB000147,A4,200.0,384PP_DMSO2
368,C0185_10.0,PB000164,B22,PB000147,A5,2.5,384PP_DMSO2
370,C0186_10.0,PB000164,B23,PB000147,A6,20.0,384PP_DMSO2
372,C0187_10.0,PB000164,B24,PB000147,A7,50.0,384PP_DMSO2
374,C0188_10.0,PB000164,C1,PB000147,A8,100.0,384PP_DMSO2
376,C0189_10.0,PB000164,C2,PB000147,A9,200.0,384PP_DMSO2
378,C0190_10.0,PB000164,C3,PB000147,A10,2.5,384PP_DMSO2
380,C0191_10.0,PB000164,C4,PB000147,A11,20.0,384PP_DMSO2
382,C0192_10.0,PB000164,C5,PB000147,A12,50.0,384PP_DMSO2
384,C0193_10.0,PB000164,C6,PB000147,A13,100.0,384PP_DMSO2
386,C0194_10.0,PB000164,C7,PB000147,A14,200.0,384PP_DMSO2
388,C0195_10.0,PB000164,C8,PB000147,A15,2.5,384PP_DMSO2
390,C0196_10.0,PB000164,C9,PB000147,A16,20.0,384PP_DMSO2
392,C0197_10.0,PB000164,C10,PB000147,A17,50.0,384PP_DMSO2
394,C0198_10.0,PB000164,C11,PB000147,A18,100.0,384PP_DMSO2
396,C0199_10.0,PB000164,C12,PB000147,A19,200.0,384PP_DMSO2
398,C0200_10.0,PB000164,C13,PB000147,A20,2.5,384PP_DMSO2
400,C0201_10.0,PB000164,C14,PB000147,A21,20.0,384PP_DMSO2
402,C0202_10.0,PB000164,C15,PB000147,A22,50.0,384PP_DMSO2
404,C0203_10.0,PB000164,C16,PB000147,A23,100.0,384PP_DMSO2
406,C0204_10.0,PB000164,C17,PB000147,A24,200.0,384PP_DMSO2
408,C0205_10.0,PB000164,C18,PB000147,B1,2.5,384PP_DMSO2
410,C0206_10.0,PB000164,C19,PB000147,B2,20.0,384PP_DMSO2
412,C0207_10.0,PB000164,C20,PB000147,B3,50.0,384PP_DMSO2
414,C0208_10.0,PB000164,C21,PB000147,B4,100.0,384PP_DMSO2
416,C0209_10.0,PB000164,C22,PB000147,B5,200.0,384PP_DMSO2
418,C0210_10.0,PB000164,C23,PB000147,B6,2.5,384PP_DMSO2
420,C0211_10.0,PB000164,C24,PB000147,B7,20.0,384PP_DMSO2
422,C0212_10.0,PB000164,D1,PB000147,B8,50.0,384PP_DMSO2
424,C0213_10.0,PB000164,D2,PB000147,B9,100.0,384PP_DMSO2
426,C0214_10.0,PB000164,D3,PB000147,B10,200.0,384PP_DMSO2
428,C0215_10.0,PB000164,D4,PB000147,B11,2.5,384PP_DMSO2
430,C0216_10.0,PB000164,D5,PB000147,B12,20.0,384PP_DMSO2
432,C0217_10.0,PB000164,D6,PB000147,B13,50.0,384PP_DMSO2
434,C0218_10.0,PB000164,D7,PB000147,B14,100.0,384PP_DMSO2
436,C0219_10.0,PB000164,D8,PB000147,B15,200.0,384PP_DMSO2
438,C0220_10.0,PB000164,D9,PB000147,B16,2.5,384PP_DMSO2
440,C0221_10.0,PB000164,D10,PB000147,B17,20.0,384PP_DMSO2
442,C0222_10.0,PB000164,D11,PB000147,B18,50.0,384PP_DMSO2
444,C0223_10.0,PB000164,D12,PB000147,B19,100.0,384PP_DMSO2
446,C0224_10.0,PB000164,D13,PB000147,B20,200.0,384PP_DMSO2
448,C0225_10.0,PB000164,D14,PB000147,B21,2.5,384PP_DMSO2
450,C0226_10.0,PB000164,D15,PB000147,B22,20.0,384PP_DMSO2
452,C0227_10.0,PB000164,D16,PB000147,B23,50.0,384PP_DMSO2
454,C0228_10.0,PB000164,D17,PB000147,B24,100.0,384PP_DMSO2
456,C0229_10.0,PB000164,D18,PB000147,C1,200.0,384PP_DMSO2
458,C0230_10.0,PB000164,D19,PB000147,C2,2.5,384PP_DMSO2
460,C0231_10.0,PB000164,D20,PB000147,C3,20.0,384PP_DMSO2
462,C0232_10.0,PB000164,D21,PB000147,C4,50.0,384PP_DMSO2
464,C0233_10.0,PB000164,D22,PB000147,C5,100.0,384PP_DMSO2
466,C0234_10.0,PB000164,D23,PB000147,C6,200.0,384PP_DMSO2
468,C0235_10.0,PB000164,D24,PB000147,C7,2.5,384PP_DMSO2
470,C0236_10.0,PB000164,E1,PB000147,C8,20.0,384PP_DMSO2
472,C0237_10.0,PB000164,E2,PB000147,C9,50.0,384PP_DMSO2
474,C0238_10.0,PB000164,E3,PB000147,C10,100.0,384PP_DMSO2
476,C0239_10.0,PB000164,E4,PB000147,C11,200.0,384PP_DMSO2
478,C0240_10.0,PB000164,E5,PB000147,C12,2.5,384PP_DMSO2
480,C0241_10.0,PB000164,E6,PB000147,C13,20.0,384PP_DMSO2
482,C0242_10.0,PB000164,E7,PB000147,C14,50.0,384PP_DMSO2
484,C0243_10.0,PB000164,E8,PB000147,C15,100.0,384PP_DMSO2
486,C0244_10.0,PB000164,E9,PB000147,C16,200.0,384PP_DMSO2
488,C0245_10.0,PB000164,E10,PB000147,C17,2.5,384PP_DMSO2
490,C0246_10.0,PB000164,E11,PB000147,C18,20.0,384PP_DMSO2
492,C0247_10.0,PB000164,E12,PB000147,C19,50.0,384PP_DMSO2
494,C0248_10.0,PB000164,E13,PB000147,C20,100.0,384PP_DMSO2
496,C0249_10.0,PB000164,E14,PB000147,C21,200.0,384PP_DMSO2
498,C0250_10.0,PB000164,E15,PB000147,C22,2.5,384PP_DMSO2
500,C0251_10.0,PB000164,E16,PB000147,C23,20.0,384PP_DMSO2
502,C0252_10.0,PB000164,E17,PB000147,C24,50.0,384PP_DMSO2
504,C0253_10.0,PB000164,E18,PB000147,D1,100.0,384PP_DMSO2
506,C0254_10.0,PB000164,E19,PB000147,D2,200.0,384PP_DMSO2
508,C0255_10.0,PB000164,E20,PB000147,D3,2.5,384PP_DMSO2
510,C0256_10.0,PB000164,E21,PB000147,D4,20.0,384PP_DMSO2
512,C0257_10.0,PB000164,E22,PB000147,D5,50.0,384PP_DMSO2
514,C0258_10.0,PB000164,E23,PB000147,D6,100.0,384PP_DMSO2
516,C0259_10.0,PB000164,E24,PB000147,D7,200.0,384PP_DMSO2
518,C0260_10.0,PB000164,F1,PB000147,D8,2.5,384PP_DMSO2
520,C0261_10.0,PB000164,F2,PB000147,D9,20.0,384PP_DMSO2
522,C0262_10.0,PB000164,F3,PB000147,D10,50.0,384PP_DMSO2
524,C0263_10.0,PB000164,F4,PB000147,D11,100.0,384PP_DMSO2
526,C0264_10.0,PB000164,F5,PB000147,D12,200.0,384PP_DMSO2
528,C0265_10.0,PB000164,F6,PB000147,D13,2.5,384PP_DMSO2
530,C0266_10.0,PB000164,F7,PB000147,D14,20.0,384PP_DMSO2
532,C0267_10.0,PB000164,F8,PB000147,D15,50.0,384PP_DMSO2
534,C0268_10.0,PB000164,F9,PB000147,D16,100.0,384PP_DMSO2
536,C0269_10.0,PB000164,F10,PB000147,D17,200.0,384PP_DMSO2
538,C0270_10.0,PB000164,F11,PB000147,D18,2.5,384PP_DMSO2
540,C0271_10.0,PB000164,F12,PB000147,D19,20.0,384PP_DMSO2
542,C0272_10.0,PB000164,F13,PB000147,D20,50.0,384PP_DMSO2
544,C0273_10.0,PB000164,F14,PB000147,D21,100.0,384PP_DMSO2
546,C0274_10.0,PB000164,F15,PB000147,D22,200.0,384PP_DMSO2
548,C0275_10.0,PB000164,F16,PB000147,D23,2.5,384PP_DMSO2
550,C0276_10.0,PB000164,F17,PB000147,D24,20.0,384PP_DMSO2
552,C0277_10.0,PB000164,F18,PB000147,E1,50.0,384PP_DMSO2
554,C0278_10.0,PB000164,F19,PB000147,E2,100.0,384PP_DMSO2
556,C0279_10.0,PB000164,F20,PB000147,E3,200.0,384PP_DMSO2
558,C0280_10.0,PB000164,F21,PB000147,E4,2.5,384PP_DMSO2
560,C0281_10.0,PB000164,F22,PB000147,E5,20.0,384PP_DMSO2
562,C0282_10.0,PB000164,F23,PB000147,E6,50.0,384PP_DMSO2
564,C0283_10.0,PB000164,F24,PB000147,E7,100.0,384PP_DMSO2
566,C0284_10.0,PB000164,G1,PB000147,E8,200.0,384PP_DMSO2
568,C0285_10.0,PB000164,G2,PB000147,E9,2.5,384PP_DMSO2
570,C0286_10.0,PB000164,G3,PB000147,E10,20.0,384PP_DMSO2
572,C0287_10.0,PB000164,G4,PB000147,E11,50.0,384PP_DMSO2
574,C0288_10.0,PB000164,G5,PB000147,E12,100.0,384PP_DMSO2
576,C0289_10.0,PB000164,G6,PB000147,E13,200.0,384PP_DMSO2
578,C0290_10.0,PB000164,G7,PB000147,E14,2.5,384PP_DMSO2
580,C0291_10.0,PB000164,G8,PB000147,E15,20.0,384PP_DMSO2
582,C0292_10.0,PB000164,G9,PB000147,E16,50.0,384PP_DMSO2
584,C0293_10.0,PB000164,G10,PB000147,E17,100.0,384PP_DMSO2
586,C0294_10.0,PB000164,G11,PB000147,E18,200.0,384PP_DMSO2
588,C0295_10.0,PB000164,G12,PB000147,E19,2.5,384PP_DMSO2
590,C0296_10.0,PB000164,G13,PB000147,E20,20.0,384PP_DMSO2
592,C0297_10.0,PB000164,G14,PB000147,E21,50.0,384PP_DMSO2
594,C0298_10.0,PB000164,G15,PB000147,E22,100.0,384PP_DMSO2
596,C0299_10.0,PB000164,G16,PB000147,E23,200.0,384PP_DMSO2
598,C0300_10.0,PB000164,G17,PB000147,E24,2.5,384PP_DMSO2
600,C0301_10.0,PB000164,G18,PB000147,F1,20.0,384PP_DMSO2
602,C0302_10.0,PB000164,G19,PB000147,F2,50.0,384PP_DMSO2
604,C0303_10.0,PB000164,G20,PB000147,F3,100.0,384PP_DMSO2
606,C0304_10.0,PB000164,G21,PB000147,F4,200.0,384PP_DMSO2
608,C0305_10.0,PB000164,G22,PB000147,F5,2.5,384PP_DMSO2
610,C0306_10.0,PB000164,G23,PB000147,F6,20.0,384PP_DMSO2
612,C0307_10.0,PB000164,G24,PB000147,F7,50.0,384PP_DMSO2
614,C0308_10.0,PB000164,H1,PB000147,F8,100.0,384PP_DMSO2
616,C0309_10.0,PB000164,H2,PB000147,F9,200.0,384PP_DMSO2
618,C0310_10.0,PB000164,H3,PB000147,F10,2.5,384PP_DMSO2
620,C0311_10.0,PB000164,H4,PB000147,F11,20.0,384PP_DMSO2
622,C0312_10.0,PB000164,H5,PB000147,F12,50.0,384PP_DMSO2
624,C0313_10.0,PB000164,H6,PB000147,F13,100.0,384PP_DMSO2
626,C0314_10.0,PB000164,H7,PB000147,F14,200.0,384PP_DMSO2
628,C0315_10.0,PB000164,H8,PB000147,F15,2.5,384PP_DMSO2
630,C0316_10.0,PB000164,H9,PB000147,F16,20.0,384PP_DMSO2
632,C0317_10.0,PB000164,H10,PB000147,F17,50.0,384PP_DMSO2
634,C0318_10.0,PB000164,H11,PB000147,F18,100.0,384PP_DMSO2
636,C0319_10.0,PB000164,H12,PB000147,F19,200.0,384PP_DMSO2
638,C0320_10.0,PB000164,H13,PB000147,F20,2.5,384PP_DMSO2
640,C0321_10.0,PB000164,H14,PB000147,F21,20.0,384PP_DMSO2
642,C0322_10.0,PB000164,H15,PB000147,F22,50.0,384PP_DMSO2
644,C0323_10.0,PB000164,H16,PB000147,F23,100.0,384PP_DMSO2
646,C0324_10.0,PB000164,H17,PB000147,F24,200.0,384PP_DMSO2
648,C0325_10.0,PB000164,H18,PB000147,G1,2.5,384PP_DMSO2
650,C0326_10.0,PB000164,H19,PB000147,G2,20.0,384PP_DMSO2
652,C0327_10.0,PB000164,H20,PB000147,G3,50.0,384PP_DMSO2
654,C0328_10.0,PB000164,H21,PB000147,G4,100.0,384PP_DMSO2
656,C0329_10.0,PB000164,H22,PB000147,G5,200.0,384PP_DMSO2
658,C0330_10.0,PB000164,H23,PB000147,G6,2.5,384PP_DMSO2
660,C0331_10.0,PB000164,H24,PB000147,G7,20.0,384PP_DMSO2
662,C0332_10.0,PB000164,I1,PB000147,G8,50.0,384PP_DMSO2
664,C0333_10.0,PB000164,I2,PB000147,G9,100.0,384PP_DMSO2
666,C0334_10.0,PB000164,I3,PB000147,G10,200.0,384PP_DMSO2
668,C0335_10.0,PB000164,I4,PB000147,G11,2.5,384PP_DMSO2
670,C0336_10.0,PB000164,I5,PB000147,G12,20.0,384PP_DMSO2
672,C0337_10.0,PB000164,I6,PB000147,G13,50.0,384PP_DMSO2
674,C0338_10.0,PB000164,I7,PB000147,G14,100.0,384PP_DMSO2
676,C0339_10.0,PB000164,I8,PB000147,G15,200.0,384PP_DMSO2
678,C0340_10.0,PB000164,I9,PB000147,G16,2.5,384PP_DMSO2
680,C0341_10.0,PB000164,I10,PB000147,G17,20.0,384PP_DMSO2
682,C0342_10.0,PB000164,I11,PB000147,G18,50.0,384PP_DMSO2
684,C0343_10.0,PB000164,I12,PB000147,G19,100.0,384PP_DMSO2
686,C0344_10.0,PB000164,I13,PB000147,G20,200.0,384PP_DMSO2
688,C0345_10.0,PB000164,I14,PB000147,G21,2.5,384PP_DMSO2
690,C0346_10.0,PB000164,I15,PB000147,G22,20.0,384PP_DMSO2
692,C0347_10.0,PB000164,I16,PB000147,G23,50.0,384PP_DMSO2
694,C0348_10.0,PB000164,I17,PB000147,G24,100.0,384PP_DMSO2
696,C0349_10.0,PB000164,I18,PB000147,H1,200.0,384PP_DMSO2
698,C0350_10.0,PB000164,I19,PB000147,H2,2.5,384PP_DMSO2
700,C0351_10.0,PB000164,I20,PB000147,H3,20.0,384PP_DMSO2
702,C0352_10.0,PB000164,I21,PB000147,H4,50.0,384PP_DMSO2
704,C0353_10.0,PB000164,I22,PB000147,H5,100.0,384PP_DMSO2
706,C0354_10.0,PB000164,I23,PB000147,H6,200.0,384PP_DMSO2
708,C0355_10.0,PB000164,I24,PB000147,H7,2.5,384PP_DMSO2
710,C0356_10.0,PB000164,J1,PB000147,H8,20.0,384PP_DMSO2
712,C0357_10.0,PB000164,J2,PB000147,H9,50.0,384PP_DMSO2
714,C0358_10.0,PB000164,J3,PB000147,H10,100.0,384PP_DMSO2
716,C0359_10.0,PB000164,J4,PB000147,H11,200.0,384PP_DMSO2
718,C0360_10.0,PB000164,J5,PB000147,H12,2.5,384PP_DMSO2
720,C0361_10.0,PB000164,J6,PB000147,H13,20.0,384PP_DMSO2
722,C0362_10.0,PB000164,J7,PB000147,H14,50.0,384PP_DMSO2
724,C0363_10.0,PB000164,J8,PB000147,H15,100.0,384PP_DMSO2
726,C0364_10.0,PB000164,J9,PB000147,H16,200.0,384PP_DMSO2
728,C0365_10.0,PB000164,J10,PB000147,H17,2.5,384PP_DMSO2
730,C0366_10.0,PB000164,J11,PB000147,H18,20.0,384PP_DMSO2
732,C0367_10.0,PB000164,J12,PB000147,H19,50.0,384PP_DMSO2
734,C0368_10.0,PB000164,J13,PB000147,H20,100.0,384PP_DMSO2
736,C0369_10.0,PB000164,J14,PB000147,H21,200.0,384PP_DMSO2
738,C0370_10.0,PB000164,J15,PB000147,H22,2.5,384PP_DMSO2
740,C0371_10.0,PB000164,D11,PB000148,A1,50.0,384PP_DMSO2
742,C0372_10.0,PB000164,D12,PB000148,A2,100.0,384PP_DMSO2
744,C0373_10.0,PB000164,D13,PB000148,A3,200.0,384PP_DMSO2
746,C0374_10.0,PB000164,D14,PB000148,A4,2.5,384PP_DMSO2
748,C0375_10.0,PB000164,D15,PB000148,A5,20.0,384PP_DMSO2
750,C0376_10.0,PB000164,D16,PB000148,A6,50.0,384PP_DMSO2
752,C0377_10.0,PB000164,D17,PB000148,A7,100.0,384PP_DMSO2
754,C0378_10.0,PB000164,D18,PB000148,A8,200.0,384PP_DMSO2
756,C0379_10.0,PB000164,D19,PB000148,A9,2.5,384PP_DMSO2
758,C0380_10.0,PB000164,D20,PB000148,A10,20.0,384PP_DMSO2
760,C0381_10.0,PB000164,D21,PB000148,A11,50.0,384PP_DMSO2
762,C0382_10.0,PB000164,D22,PB000148,A12,100.0,384PP_DMSO2
764,C0383_10.0,PB000164,D23,PB000148,A13,200.0,384PP_DMSO2
766,C0384_10.0,PB000164,D24,PB000148,A14,2.5,384PP_DMSO2
768,C0385_10.0,PB000164,E1,PB000148,A15,20.0,384PP_DMSO2
770,C0386_10.0,PB000164,E2,PB000148,A16,50.0,384PP_DMSO2
772,C0387_10.0,PB000164,E3,PB000148,A17,100.0,384PP_DMSO2
774,C0388_10.0,PB000164,E4,PB000148,A18,200.0,384PP_DMSO2
776,C0389_10.0,PB000164,E5,PB000148,A19,2.5,384PP_DMSO2
778,C0390_10.0,PB000164,E6,PB000148,A20,20.0,384PP_DMSO2
780,C0391_10.0,PB000164,E7,PB000148,A21,50.0,384PP_DMSO2
782,C0392_10.0,PB000164,E8,PB000148,A22,100.0,384PP_DMSO2
784,C0393_10.0,PB000164,E9,PB000148,A23,200.0,384PP_DMSO2
786,C0394_10.0,PB000164,E10,PB000148,A24,2.5,384PP_DMSO2
788,C0395_10.0,PB000164,E11,PB000148,B1,20.0,384PP_DMSO2
790,C0396_10.0,PB000164,E12,PB000148,B2,50.0,384PP_DMSO2
792,C0397_10.0,PB000164,E13,PB000148,B3,100.0,384PP_DMSO2
794,C0398_10.0,PB000164,E14,PB000148,B4,200.0,384PP_DMSO2
796,C0399_10.0,PB000164,E15,PB000148,B5,2.5,384PP_DMSO2
798,C0400_10.0,PB000164,E16,PB000148,B6,20.0,384PP_DMSO2
800,C0401_10.0,PB000164,E17,PB000148,B7,50.0,384PP_DMSO2
802,C0402_10.0,PB000164,E18,PB000148,B8,100.0,384PP_DMSO2
804,C0403_10.0,PB000164,E19,PB000148,B9,200.0,384PP_DMSO2
806,C0404_10.0,PB000164,E20,PB000148,B10,2.5,384PP_DMSO2
808,C0405_10.0,PB000164,E21,PB000148,B11,20.0,384PP_DMSO2
810,C0406_10.0,PB000164,E22,PB000148,B12,50.0,384PP_DMSO2
812,C0407_10.0,PB000164,E23,PB000148,B13,100.0,384PP_DMSO2
814,C0408_10.0,PB000164,E24,PB000148,B14,200.0,384PP_DMSO2
816,C0409_10.0,PB000164,F1,PB000148,B15,2.5,384PP_DMSO2
818,C0410_10.0,PB000164,F2,PB000148,B16,20.0,384PP_DMSO2
820,C0411_10.0,PB000164,F3,PB000148,B17,50.0,384PP_DMSO2
822,C0412_10.0,PB000164,F4,PB000148,B18,100.0,384PP_DMSO2
824,C0413_10.0,PB000164,F5,PB000148,B19,200.0,384PP_DMSO2
826,C0414_10.0,PB000164,F6,PB000148,B20,2.5,384PP_DMSO2
828,C0415_10.0,PB000164,F7,PB000148,B21,20.0,384PP_DMSO2
830,C0416_10.0,PB000164,F8,PB000148,B22,50.0,384PP_DMSO2
832,C0417_10.0,PB000164,F9,PB000148,B23,100.0,384PP_DMSO2
834,C0418_10.0,PB000164,F10,PB000148,B24,200.0,384PP_DMSO2
836,C0419_10.0,PB000164,F11,PB000148,C1,2.5,384PP_DMSO2
838,C0420_10.0,PB000164,F12,PB000148,C2,20.0,384PP_DMSO2
840,C0421_10.0,PB000164,F13,PB000148,C3,50.0,384PP_DMSO2
842,C0422_10.0,PB000164,F14,PB000148,C4,100.0,384PP_DMSO2
844,C0423_10.0,PB000164,F15,PB000148,C5,200.0,384PP_DMSO2
846,C0424_10.0,PB000164,F16,PB000148,C6,2.5,384PP_DMSO2
848,C0425_10.0,PB000164,F17,PB000148,C7,20.0,384PP_DMSO2
850,C0426_10.0,PB000164,F18,PB000148,C8,50.0,384PP_DMSO2
852,C0427_10.0,PB000164,F19,PB000148,C9,100.0,384PP_DMSO2
854,C0428_10.0,PB000164,F20,PB000148,C10,200.0,384PP_DMSO2
856,C0429_10.0,PB000164,F21,PB000148,C11,2.5,384PP_DMSO2
858,C0430_10.0,PB000164,F22,PB000148,C12,20.0,384PP_DMSO2
860,C0431_10.0,PB000164,F23,PB000148,C13,50.0,384PP_DMSO2
862,C0432_10.0,PB000164,F24,PB000148,C14,100.0,384PP_DMSO2
864,C0433_10.0,PB000164,G1,PB000148,C15,200.0,384PP_DMSO2
866,C0434_10.0,PB000164,G2,PB000148,C16,2.5,384PP_DMSO2
868,C0435_10.0,PB000164,G3,PB000148,C17,20.0,384PP_DMSO2
870,C0436_10.0,PB000164,G4,PB000148,C18,50.0,384PP_DMSO2
872,C0437_10.0,PB000164,G5,PB000148,C19,100.0,384PP_DMSO2
874,C0438_10.0,PB000164,G6,PB000148,C20,200.0,384PP_DMSO2
876,C0439_10.0,PB000164,G7,PB000148,C21,2.5,384PP_DMSO2
878,C0440_10.0,PB000164,G8,PB000148,C22,20.0,384PP_DMSO2
880,C0441_10.0,PB000164,G9,PB000148,C23,50.0,384PP_DMSO2
882,C0442_10.0,PB000164,G10,PB000148,C24,100.0,384PP_DMSO2
884,C0443_10.0,PB000164,G11,PB000148,D1,200.0,384PP_DMSO2
886,C0444_10.0,PB000164,G12,PB000148,D2,2.5,384PP_DMSO2
888,C0445_10.0,PB000164,G13,PB000148,D3,20.0,384PP_DMSO2
890,C0446_10.0,PB000164,G14,PB000148,D4,50.0,384PP_DMSO2
892,C0447_10.0,PB000164,G15,PB000148,D5,100.0,384PP_DMSO2
894,C0448_10.0,PB000164,G16,PB000148,D6,200.0,384PP_DMSO2
896,C0449_10.0,PB000164,G17,PB000148,D7,2.5,384PP_DMSO2
898,C0450_10.0,PB000164,G18,PB000148,D8,20.0,384PP_DMSO2
900,C0451_10.0,PB000164,G19,PB000148,D9,50.0,384PP_DMSO2
902,C0452_10.0,PB000164,G20,PB000148,D10,100.0,384PP_DMSO2
904,C0453_10.0,PB000164,G21,PB000148,D11,200.0,384PP_DMSO2
906,C0454_10.0,PB000164,G22,PB000148,D12,2.5,384PP_DMSO2
908,C0455_10.0,PB000164,G23,PB000148,D13,20.0,384PP_DMSO2
910,C0456_10.0,PB000164,G24,PB000148,D14,50.0,384PP_DMSO2
912,C0457_10.0,PB000164,H1,PB000148,D15,100.0,384PP_DMSO2
914,C0458_10.0,PB000164,H2,PB000148,D16,200.0,384PP_DMSO2
916,C0459_10.0,PB000164,H3,PB000148,D17,2.5,384PP_DMSO2
918,C0460_10.0,PB000164,H4,PB000148,D18,20.0,384PP_DMSO2
920,C0461_10.0,PB000164,H5,PB000148,D19,50.0,384PP_DMSO2
922,C0462_10.0,PB000164,H6,PB000148,D20,100.0,384PP_DMSO2
924,C0463_10.0,PB000164,H7,PB000148,D21,200.0,384PP_DMSO2
926,C0464_10.0,PB000164,H8,PB000148,D22,2.5,384PP_DMSO2
928,C0465_10.0,PB000164,H9,PB000148,D23,20.0,384PP_DMSO2
930,C0466_10.0,PB000164,H10,PB000148,D24,50.0,384PP_DMSO2
932,C0467_10.0,PB000164,H11,PB000148,E1,100.0,384PP_DMSO2
934,C0468_10.0,PB000164,H12,PB000148,E2,200.0,384PP_DMSO2
936,C0469_10.0,PB000164,H13,PB000148,E3,2.5,384PP_DMSO2
938,C0470_10.0,PB000164,H14,PB000148,E4,20.0,384PP_DMSO2
940,C0001_10.0,Copia Test,J4,PB000148,E5,50.0,384PP_DMSO2
942,C0002_10.0,Copia Test,J5,PB000148,E6,100.0,384PP_DMSO2
944,C0003_10.0,Copia Test,J6,PB000148,E7,200.0,384PP_DMSO2
946,C0004_10.0,Copia Test,J7,PB000148,E8,2.5,384PP_DMSO2
948,C0005_10.0,Copia Test,J8,PB000148,E9,20.0,384PP_DMSO2
950,C0006_10.0,Copia Test,J9,PB000148,E10,50.0,384PP_DMSO2
952,C0007_10.0,Copia Test,J10,PB000148,E11,100.0,384PP_DMSO2
954,C0008_10.0,Copia Test,J11,PB000148,E12,200.0,384PP_DMSO2
956,C0009_10.0,Copia Test,J12,PB000148,E13,2.5,384PP_DMSO2
958,C0010_10.0,Copia Test,J13,PB000148,E14,20.0,384PP_DMSO2
960,C0011_10.0,Copia Test,J14,PB000148,E15,50.0,384PP_DMSO2
962,C0012_10.0,Copia Test,J15,PB000148,E16,100.0,384PP_DMSO2
964,C0013_10.0,Copia Test,J16,PB000148,E17,200.0,384PP_DMSO2
966,C0014_10.0,Copia Test,J17,PB000148,E18,2.5,384PP_DMSO2
968,C0015_10.0,Copia Test,J18,PB000148,E19,20.0,384PP_DMSO2
970,C0016_10.0,Copia Test,J19,PB000148,E20,50.0,384PP_DMSO2
972,C0017_10.0,Copia Test,J20,PB000148,E21,100.0,384PP_DMSO2
974,C0018_10.0,Copia Test,J21,PB000148,E22,200.0,384PP_DMSO2
976,C0019_10.0,Copia Test,J22,PB000148,E23,2.5,384PP_DMSO2
978,C0020_10.0,Copia Test,J23,PB000148,E24,20.0,384PP_DMSO2
980,C0021_10.0,Copia Test,J24,PB000148,F1,50.0,384PP_DMSO2
982,C0022_10.0,Copia Test,K1,PB000148,F2,100.0,384PP_DMSO2
984,C0023_10.0,Copia Test,K2,PB000148,F3,200.0,384PP_DMSO2
986,C0024_10.0,Copia Test,K3,PB000148,F4,2.5,384PP_DMSO2
988,C0025_10.0,Copia Test,K4,PB000148,F5,20.0,384PP_DMSO2
990,C0026_10.0,Copia Test,K5,PB000148,F6,50.0,384PP_DMSO2
992,C0027_10.0,Copia Test,K6,PB000148,F7,100.0,384PP_DMSO2
994,C0028_10.0,Copia Test,K7,PB000148,F8,200.0,384PP_DMSO2
996,C0029_10.0,Copia Test,K8,PB000148,F9,2.5,384PP_DMSO2
998,C0030_10.0,Copia Test,K9,PB000148,F10,20.0,384PP_DMSO2
1000,C0031_10.0,Copia Test,K10,PB000148,F11,50.0,384PP_DMSO2
1002,C0032_10.0,Copia Test,K11,PB000148,F12,100.0,384PP_DMSO2
1004,C0033_10.0,Copia Test,K12,PB000148,F13,200.0,384PP_DMSO2
1006,C0034_10.0,Copia Test,K13,PB000148,F14,2.5,384PP_DMSO2
1008,C0035_10.0,Copia Test,K14,PB000148,F15,20.0,384PP_DMSO2
1010,C0036_10.0,Copia Test,K15,PB000148,F16,50.0,384PP_DMSO2
1012,C0037_10.0,Copia Test,K16,PB000148,F17,100.0,384PP_DMSO2
1014,C0038_10.0,Copia Test,K17,PB000148,F18,200.0,384PP_DMSO2
1016,C0039_10.0,Copia Test,K18,PB000148,F19,2.5,384PP_DMSO2
1018,C0040_10.0,Copia Test,K19,PB000148,F20,20.0,384PP_DMSO2
1020,C0041_10.0,Copia Test,K20,PB000148,F21,50.0,384PP_DMSO2
1022,C0042_10.0,Copia Test,K21,PB000148,F22,100.0,384PP_DMSO2
1024,C0043_10.0,Copia Test,K22,PB000148,F23,200.0,384PP_DMSO2
1026,C0044_10.0,Copia Test,K23,PB000148,F24,2.5,384PP_DMSO2
1028,C0045_10.0,Copia Test,K24,PB000148,G1,20.0,384PP_DMSO2
1030,C0046_10.0,Copia Test,L1,PB000148,G2,50.0,384PP_DMSO2
1032,C0047_10.0,Copia Test,L2,PB000148,G3,100.0,384PP_DMSO2
1034,C0048_10.0,Copia Test,L3,PB000148,G4,200.0,384PP_DMSO2
1036,C0049_10.0,Copia Test,L4,PB000148,G5,2.5,384PP_DMSO2
1038,C0050_10.0,Copia Test,L5,PB000148,G6,20.0,384PP_DMSO2
1040,C0051_10.0,Copia Test,L6,PB000148,G7,50.0,384PP_DMSO2
1042,C0052_10.0,Copia Test,L7,PB000148,G8,100.0,384PP_DMSO2
1044,C0053_10.0,Copia Test,L8,PB000148,G9,200.0,384PP_DMSO2
1046,C0054_10.0,Copia Test,L9,PB000148,G10,2.5,384PP_DMSO2
1048,C0055_10.0,Copia Test,L10,PB000148,G11,20.0,384PP_DMSO2
1050,C0056_10.0,Copia Test,L11,PB000148,G12,50.0,384PP_DMSO2
1052,C0057_10.0,Copia Test,L12,PB000148,G13,100.0,384PP_DMSO2
1054,C0058_10.0,Copia Test,L13,PB000148,G14,200.0,384PP_DMSO2
1056,C0059_10.0,Copia Test,L14,PB000148,G15,2.5,384PP_DMSO2
1058,C0060_10.0,Copia Test,L15,PB000148,G16,20.0,384PP_DMSO2
1060,C0061_10.0,Copia Test,L16,PB000148,G17,50.0,384PP_DMSO2
1062,C0062_10.0,Copia Test,L17,PB000148,G18,100.0,384PP_DMSO2
1064,C0063_10.0,Copia Test,L18,PB000148,G19,200.0,384PP_DMSO2
1066,C0064_10.0,Copia Test,L19,PB000148,G20,2.5,384PP_DMSO2
1068,C0065_10.0,Copia Test,L20,PB000148,G21,20.0,384PP_DMSO2
1070,C0066_10.0,Copia Test,L21,PB000148,G22,50.0,384PP_DMSO2
1072,C0067_10.0,Copia Test,L22,PB000148,G23,100.0,384PP_DMSO2
1074,C0068_10.0,Copia Test,L23,PB000148,G24,200.0,384PP_DMSO2
1076,C0069_10.0,Copia Test,L24,PB000148,H1,2.5,384PP_DMSO2
1078,C0070_10.0,Copia Test,M1,PB000148,H2,20.0,384PP_DMSO2
1080,C0071_10.0,Copia Test,M2,PB000148,H3,50.0,384PP_DMSO2
1082,C0072_10.0,Copia Test,M3,PB000148,H4,100.0,384PP_DMSO2
1084,C0073_10.0,Copia Test,M4,PB000148,H5,200.0,384PP_DMSO2
1086,C0074_10.0,Copia Test,M5,PB000148,H6,2.5,384PP_DMSO2
1088,C0075_10.0,Copia Test,M6,PB000148,H7,20.0,384PP_DMSO2
1090,C0076_10.0,Copia Test,M7,PB000148,H8,50.0,384PP_DMSO2
1092,C0077_10.0,Copia Test,M8,PB000148,H9,100.0,384PP_DMSO2
1094,C0078_10.0,Copia Test,M9,PB000148,H10,200.0,384PP_DMSO2
1096,C0079_10.0,Copia Test,M10,PB000148,H11,2.5,384PP_DMSO2
1098,C0080_10.0,Copia Test,M11,PB000148,H12,20.0,384PP_DMSO2
1100,C0081_10.0,Copia Test,M12,PB000148,H13,50.0,384PP_DMSO2
1102,C0082_10.0,Copia Test,M13,PB000148,H14,100.0,384PP_DMSO2
1104,C0083_10.0,Copia Test,M14,PB000148,H15,200.0,384PP_DMSO2
1106,C0084_10.0,Copia Test,M15,PB000148,H16,2.5,384PP_DMSO2
1108,C0085_10.0,Copia Test,M16,PB000148,H17,20.0,384PP_DMSO2
1110,C0086_10.0,Copia Test,M17,PB000148,H18,50.0,384PP_DMSO2
1112,C0087_10.0,Copia Test,M18,PB000148,H19,100.0,384PP_DMSO2
1114,C0088_10.0,Copia Test,M19,PB000148,H20,200.0,384PP_DMSO2
1116,C0089_10.0,Copia Test,M20,PB000148,H21,2.5,384PP_DMSO2
1118,C0090_10.0,Copia Test,M21,PB000148,H22,20.0,384PP_DMSO2
1120,C0091_10.0,Copia Test,M22,PB000148,H23,50.0,384PP_DMSO2
1122,C0092_10.0,Copia Test,M23,PB000148,H24,100.0,384PP_DMSO2
1124,C0093_10.0,Copia Test,M24,PB000148,I1,200.0,384PP_DMSO2
1126,C0094_10.0,Copia Test,N1,PB000148,I2,2.5,384PP_DMSO2
1128,C0095_10.0,Copia Test,N2,PB000148,I3,20.0,384PP_DMSO2
1130,C0096_10.0,Copia Test,N3,PB000148,I4,50.0,384PP_DMSO2
1132,C0097_10.0,Copia Test,N4,PB000148,I5,100.0,384PP_DMSO2
1134,C0098_10.0,Copia Test,N5,PB000148,I6,200.0,384PP_DMSO2
1136,C0099_10.0,Copia Test,N6,PB000148,I7,2.5,384PP_DMSO2
1138,C0100_10.0,Copia Test,N7,PB000148,I8,20.0,384PP_DMSO2
1140,C0101_10.0,Copia Test,K21,PB000149,A1,100.0,384PP_DMSO2
1142,C0102_10.0,Copia Test,K22,PB000149,A2,200.0,384PP_DMSO2
1144,C0103_10.0,Copia Test,K23,PB000149,A3,2.5,384PP_DMSO2
1146,C0104_10.0,Copia Test,K24,PB000149,A4,20.0,384PP_DMSO2
1148,C0105_10.0,Copia Test,L1,PB000149,A5,50.0,384PP_DMSO2
1150,C0106_10.0,Copia Test,L2,PB000149,A6,100.0,384PP_DMSO2
1152,C0107_10.0,Copia Test,L3,PB000149,A7,200.0,384PP_DMSO2
1154,C0108_10.0,Copia Test,L4,PB000149,A8,2.5,384PP_DMSO2
1156,C0109_10.0,Copia Test,L5,PB000149,A9,20.0,384PP_DMSO2
1158,C0110_10.0,Copia Test,L6,PB000149,A10,50.0,384PP_DMSO2
1160,C0111_10.0,Copia Test,L7,PB000149,A11,100.0,384PP_DMSO2
1162,C0112_10.0,Copia Test,L8,PB000149,A12,200.0,384PP_DMSO2
1164,C0113_10.0,Copia Test,L9,PB000149,A13,2.5,384PP_DMSO2
1166,C0114_10.0,Copia Test,L10,PB000149,A14,20.0,384PP_DMSO2
1168,C0115_10.0,Copia Test,L11,PB000149,A15,50.0,384PP_DMSO2
1170,C0116_10.0,Copia Test,L12,PB000149,A16,100.0,384PP_DMSO2
1172,C0117_10.0,Copia Test,L13,PB000149,A17,200.0,384PP_DMSO2
1174,C0118_10.0,Copia Test,L14,PB000149,A18,2.5,384PP_DMSO2
1176,C0119_10.0,Copia Test,L15,PB000149,A19,20.0,384PP_DMSO2
1178,C0120_10.0,Copia Test,L16,PB000149,A20,50.0,384PP_DMSO2
1180,C0121_10.0,Copia Test,L17,PB000149,A21,100.0,384PP_DMSO2
1182,C0122_10.0,Copia Test,L18,PB000149,A22,200.0,384PP_DMSO2
1184,C0123_10.0,Copia Test,L19,PB000149,A23,2.5,384PP_DMSO2
1186,C0124_10.0,Copia Test,L20,PB000149,A24,20.0,384PP_DMSO2
1188,C0125_10.0,Copia Test,L21,PB000149,B1,50.0,384PP_DMSO2
1190,C0126_10.0,Copia Test,L22,PB000149,B2,100.0,384PP_DMSO2
1192,C0127_10.0,Copia Test,L23,PB000149,B3,200.0,384PP_DMSO2
1194,C0128_10.0,Copia Test,L24,PB000149,B4,2.5,384PP_DMSO2
1196,C0129_10.0,Copia Test,M1,PB000149,B5,20.0,384PP_DMSO2
1198,C0130_10.0,Copia Test,M2,PB000149,B6,50.0,384PP_DMSO2
1200,C0131_10.0,Copia Test,M3,PB000149,B7,100.0,384PP_DMSO2
1202,C0132_10.0,Copia Test,M4,PB000149,B8,200.0,384PP_DMSO2
1204,C0133_10.0,Copia Test,M5,PB000149,B9,2.5,384PP_DMSO2
1206,C0134_10.0,Copia Test,M6,PB000149,B10,20.0,384PP_DMSO2
1208,C0135_10.0,Copia Test,M7,PB000149,B11,50.0,384PP_DMSO2
1210,C0136_10.0,Copia Test,M8,PB000149,B12,100.0,384PP_DMSO2
1212,C0137_10.0,Copia Test,M9,PB000149,B13,200.0,384PP_DMSO2
1214,C0138_10.0,Copia Test,M10,PB000149,B14,2.5,384PP_DMSO2
1216,C0139_10.0,Copia Test,M11,PB000149,B15,20.0,384PP_DMSO2
1218,C0140_10.0,Copia Test,M12,PB000149,B16,50.0,384PP_DMSO2
1220,C0141_10.0,Copia Test,M13,PB000149,B17,100.0,384PP_DMSO2
1222,C0142_10.0,Copia Test,M14,PB000149,B18,200.0,384PP_DMSO2
1224,C0143_10.0,Copia Test,M15,PB000149,B19,2.5,384PP_DMSO2
1226,C0144_10.0,Copia Test,M16,PB000149,B20,20.0,384PP_DMSO2
1228,C0145_10.0,Copia Test,M17,PB000149,B21,50.0,384PP_DMSO2
1230,C0146_10.0,Copia Test,M18,PB000149,B22,100.0,384PP_DMSO2
1232,C0147_10.0,Copia Test,M19,PB000149,B23,200.0,384PP_DMSO2
1234,C0148_10.0,Copia Test,M20,PB000149,B24,2.5,384PP_DMSO2
1236,C0149_10.0,Copia Test,M21,PB000149,C1,20.0,384PP_DMSO2
1238,C0150_10.0,Copia Test,M22,PB000149,C2,50.0,384PP_DMSO2
1240,C0151_10.0,Copia Test,M23,PB000149,C3,100.0,384PP_DMSO2
1242,C0152_10.0,Copia Test,M24,PB000149,C4,200.0,384PP_DMSO2
1244,C0153_10.0,Copia Test,N1,PB000149,C5,2.5,384PP_DMSO2
1246,C0154_10.0,Copia Test,N2,PB000149,C6,20.0,384PP_DMSO2
1248,C0155_10.0,Copia Test,N3,PB000149,C7,50.0,384PP_DMSO2
1250,C0156_10.0,Copia Test,N4,PB000149,C8,100.0,384PP_DMSO2
1252,C0157_10.0,Copia Test,N5,PB000149,C9,200.0,384PP_DMSO2
1254,C0158_10.0,Copia Test,N6,PB000149,C10,2.5,384PP_DMSO2
1256,C0159_10.0,Copia Test,N7,PB000149,C11,20.0,384PP_DMSO2
1258,C0160_10.0,Copia Test,N8,PB000149,C12,50.0,384PP_DMSO2
1260,C0161_10.0,Copia Test,N9,PB000149,C13,100.0,384PP_DMSO2
1262,C0162_10.0,Copia Test,N10,PB000149,C14,200.0,384PP_DMSO2
1264,C0163_10.0,Copia Test,N11,PB000149,C15,2.5,384PP_DMSO2
1266,C0164_10.0,Copia Test,N12,PB000149,C16,20.0,384PP_DMSO2
1268,C0165_10.0,Copia Test,N13,PB000149,C17,50.0,384PP_DMSO2
1270,C0166_10.0,Copia Test,N14,PB000149,C18,100.0,384PP_DMSO2
1272,C0167_10.0,Copia Test,N15,PB000149,C19,200.0,384PP_DMSO2
1274,C0168_10.0,Copia Test,N16,PB000149,C20,2.5,384PP_DMSO2
1276,C0169_10.0,Copia Test,N17,PB000149,C21,20.0,384PP_DMSO2
1278,C0170_10.0,Copia Test,N18,PB000149,C22,50.0,384PP_DMSO2
1280,C0171_10.0,Copia Test,N19,PB000149,C23,100.0,384PP_DMSO2
1282,C0172_10.0,Copia Test,N20,PB000149,C24,200.0,384PP_DMSO2
1284,C0173_10.0,Copia Test,N21,PB000149,D1,2.5,384PP_DMSO2
1286,C0174_10.0,Copia Test,N22,PB000149,D2,20.0,384PP_DMSO2
1288,C0175_10.0,Copia Test,N23,PB000149,D3,50.0,384PP_DMSO2
1290,C0176_10.0,Copia Test,N24,PB000149,D4,100.0,384PP_DMSO2
1292,C0177_10.0,Copia Test,O1,PB000149,D5,200.0,384PP_DMSO2
1294,C0178_10.0,Copia Test,O2,PB000149,D6,2.5,384PP_DMSO2
1296,C0179_10.0,Copia Test,O3,PB000149,D7,20.0,384PP_DMSO2
1298,C0180_10.0,Copia Test,O4,PB000149,D8,50.0,384PP_DMSO2
1300,C0181_10.0,Copia Test,O5,PB000149,D9,100.0,384PP_DMSO2
1302,C0182_10.0,Copia Test,O6,PB000149,D10,200.0,384PP_DMSO2
1304,C0183_10.0,Copia Test,O7,PB000149,D11,2.5,384PP_DMSO2
1306,C0184_10.0,Copia Test,O8,PB000149,D12,20.0,384PP_DMSO2
1308,C0185_10.0,Copia Test,O9,PB000149,D13,50.0,384PP_DMSO2
1310,C0186_10.0,Copia Test,O10,PB000149,D14,100.0,384PP_DMSO2
1312,C0187_10.0,Copia Test,O11,PB000149,D15,200.0,384PP_DMSO2
1314,C0188_10.0,Copia Test,O12,PB000149,D16,2.5,384PP_DMSO2
1316,C0189_10.0,Copia Test,O13,PB000149,D17,20.0,384PP_DMSO2
1318,C0190_10.0,Copia Test,O14,PB000149,D18,50.0,384PP_DMSO2
1320,C0191_10.0,Copia Test,O15,PB000149,D19,100.0,384PP_DMSO2
1322,C0192_10.0,Copia Test,O16,PB000149,D20,200.0,384PP_DMSO2
1324,C0193_10.0,Copia Test,O17,PB000149,D21,2.5,384PP_DMSO2
1326,C0194_10.0,Copia Test,O18,PB000149,D22,20.0,384PP_DMSO2
1328,C0195_10.0,Copia Test,O19,PB000149,D23,50.0,384PP_DMSO2
1330,C0196_10.0,Copia Test,O20,PB000149,D24,100.0,384PP_DMSO2
1332,C0197_10.0,Copia Test,O21,PB000149,E1,200.0,384PP_DMSO2
1334,C0198_10.0,Copia Test,O22,PB000149,E2,2.5,384PP_DMSO2
1336,C0199_10.0,Copia Test,O23,PB000149,E3,20.0,384PP_DMSO2
1338,C0200_10.0,Copia Test,O24,PB000149,E4,50.0,384PP_DMSO2
1340,C0201_10.0,Copia Test,P1,PB000149,E5,100.0,384PP_DMSO2
1342,C0202_10.0,Copia Test,P2,PB000149,E6,200.0,384PP_DMSO2
1344,C0203_10.0,Copia Test,P3,PB000149,E7,2.5,384PP_DMSO2
1346,C0204_10.0,Copia Test,P4,PB000149,E8,20.0,384PP_DMSO2
1348,C0205_10.0,Copia Test,P5,PB000149,E9,50.0,384PP_DMSO2
1350,C0206_10.0,Copia Test,P6,PB000149,E10,100.0,384PP_DMSO2
1352,C0207_10.0,Copia Test,P7,PB000149,E11,200.0,384PP_DMSO2
1354,C0208_10.0,Copia Test,P8,PB000149,E12,2.5,384PP_DMSO2
1356,C0209_10.0,Copia Test,P9,PB000149,E13,20.0,384PP_DMSO2
1358,C0210_10.0,Copia Test,P10,PB000149,E14,50.0,384PP_DMSO2
1360,C0211_10.0,Copia Test,P11,PB000149,E15,100.0,384PP_DMSO2
1362,C0212_10.0,Copia Test,P12,PB000149,E16,200.0,384PP_DMSO2
1364,C0213_10.0,Copia Test,P13,PB000149,E17,2.5,384PP_DMSO2
1366,C0214_10.0,Copia Test,P14,PB000149,E18,20.0,384PP_DMSO2
1368,C0215_10.0,Copia Test,P15,PB000149,E19,50.0,384PP_DMSO2
1370,C0216_10.0,Copia Test,P16,PB000149,E20,100.0,384PP_DMSO2
1372,C0217_10.0,Copia Test,P17,PB000149,E21,200.0,384PP_DMSO2
1374,C0218_10.0,Copia Test,P18,PB000149,E22,2.5,384PP_DMSO2
1376,C0219_10.0,Copia Test,P19,PB000149,E23,20.0,384PP_DMSO2
1378,C0220_10.0,Copia Test,P20,PB000149,E24,50.0,384PP_DMSO2
1380,C0221_10.0,Copia Test,P21,PB000149,F1,100.0,384PP_DMSO2
1382,C0222_10.0,Copia Test,P22,PB000149,F2,200.0,384PP_DMSO2
1384,C0223_10.0,Copia Test,P23,PB000149,F3,2.5,384PP_DMSO2
1386,C0224_10.0,Copia Test,P24,PB000149,F4,20.0,384PP_DMSO2
1388,C0225_10.0,Copia Test,A1,PB000149,F5,50.0,384PP_DMSO2
1390,C0226_10.0,Copia Test,A2,PB000149,F6,100.0,384PP_DMSO2
1392,C0227_10.0,Copia Test,A3,PB000149,F7,200.0,384PP_DMSO2
1394,C0228_10.0,Copia Test,A4,PB000149,F8,2.5,384PP_DMSO2
1396,C0229_10.0,Copia Test,A5,PB000149,F9,20.0,384PP_DMSO2
1398,C0230_10.0,Copia Test,A6,PB000149,F10,50.0,384PP_DMSO2
1400,C0231_10.0,Copia Test,A7,PB000149,F11,100.0,384PP_DMSO2
1402,C0232_10.0,Copia Test,A8,PB000149,F12,200.0,384PP_DMSO2
1404,C0233_10.0,Copia Test,A9,PB000149,F13,2.5,384PP_DMSO2
1406,C0234_10.0,Copia Test,A10,PB000149,F14,20.0,384PP_DMSO2
1408,C0235_10.0,Copia Test,A11,PB000149,F15,50.0,384PP_DMSO2
1410,C0236_10.0,Copia Test,A12,PB000149,F16,100.0,384PP_DMSO2
1412,C0237_10.0,Copia Test,A13,PB000149,F17,200.0,384PP_DMSO2
1414,C0238_10.0,Copia Test,A14,PB000149,F18,2.5,384PP_DMSO2
1416,C0239_10.0,Copia Test,A15,PB000149,F19,20.0,384PP_DMSO2
1418,C0240_10.0,Copia Test,A16,PB000149,F20,50.0,384PP_DMSO2
1420,C0241_10.0,Copia Test,A17,PB000149,F21,100.0,384PP_DMSO2
1422,C0242_10.0,Copia Test,A18,PB000149,F22,200.0,384PP_DMSO2
1424,C0243_10.0,Copia Test,A19,PB000149,F23,2.5,384PP_DMSO2
1426,C0244_10.0,Copia Test,A20,PB000149,F24,20.0,384PP_DMSO2
1428,C0245_10.0,Copia Test,A21,PB000149,G1,50.0,384PP_DMSO2
1430,C0246_10.0,Copia Test,A22,PB000149,G2,100.0,384PP_DMSO2
1432,C0247_10.0,Copia Test,A23,PB000149,G3,200.0,384PP_DMSO2
1434,C0248_10.0,Copia Test,A24,PB000149,G4,2.5,384PP_DMSO2
1436,C0249_10.0,Copia Test,B1,PB000149,G5,20.0,384PP_DMSO2
1438,C0250_10.0,Copia Test,B2,PB000149,G6,50.0,384PP_DMSO2
1440,C0251_10.0,Copia Test,B3,PB000149,G7,100.0,384PP_DMSO2
1442,C0252_10.0,Copia Test,B4,PB000149,G8,200.0,384PP_DMSO2
1444,C0253_10.0,Copia Test,B5,PB000149,G9,2.5,384PP_DMSO2
1446,C0254_10.0,Copia Test,B6,PB000149,G10,20.0,384PP_DMSO2
1448,C0255_10.0,Copia Test,B7,PB000149,G11,50.0,384PP_DMSO2
1450,C0256_10.0,Copia Test,B8,PB000149,G12,100.0,384PP_DMSO2
1452,C0257_10.0,Copia Test,B9,PB000149,G13,200.0,384PP_DMSO2
1454,C0258_10.0,Copia Test,B10,PB000149,G14,2.5,384PP_DMSO2
1456,C0259_10.0,Copia Test,B11,PB000149,G15,20.0,384PP_DMSO2
1458,C0260_10.0,Copia Test,B12,PB000149,G16,50.0,384PP_DMSO2
1460,C0261_10.0,Copia Test,B13,PB000149,G17,100.0,384PP_DMSO2
1462,C0262_10.0,Copia Test,B14,PB000149,G18,200.0,384PP_DMSO2
1464,C0263_10.0,Copia Test,B15,PB000149,G19,2.5,384PP_DMSO2
1466,C0264_10.0,Copia Test,B16,PB000149,G20,20.0,384PP_DMSO2
1468,C0265_10.0,Copia Test,B17,PB000149,G21,50.0,384PP_DMSO2
1470,C0266_10.0,Copia Test,B18,PB000149,G22,100.0,384PP_DMSO2
1472,C0267_10.0,Copia Test,B19,PB000149,G23,200.0,384PP_DMSO2
1474,C0268_10.0,Copia Test,B20,PB000149,G24,2.5,384PP_DMSO2
1476,C0269_10.0,Copia Test,B21,PB000149,H1,20.0,384PP_DMSO2
1478,C0270_10.0,Copia Test,B22,PB000149,H2,50.0,384PP_DMSO2
1480,C0271_10.0,Copia Test,B23,PB000149,H3,100.0,384PP_DMSO2
1482,C0272_10.0,Copia Test,B24,PB000149,H4,200.0,384PP_DMSO2
1484,C0273_10.0,Copia Test,C1,PB000149,H5,2.5,384PP_DMSO2
1486,C0274_10.0,Copia Test,C2,PB000149,H6,20.0,384PP_DMSO2
1488,C0275_10.0,Copia Test,C3,PB000149,H7,50.0,384PP_DMSO2
1490,C0276_10.0,Copia Test,C4,PB000149,H8,100.0,384PP_DMSO2
1492,C0277_10.0,Copia Test,C5,PB000149,H9,200.0,384PP_DMSO2
1494,C0278_10.0,Copia Test,C6,PB000149,H10,2.5,384PP_DMSO2
1496,C0279_10.0,Copia Test,C7,PB000149,H11,20.0,384PP_DMSO2
1498,C0280_10.0,Copia Test,C8,PB000149,H12,50.0,384PP_DMSO2
1500,C0281_10.0,Copia Test,C9,PB000149,H13,100.0,384PP_DMSO2
1502,C0282_10.0,Copia Test,C10,PB000149,H14,200.0,384PP_DMSO2
1504,C0283_10.0,Copia Test,C11,PB000149,H15,2.5,384PP_DMSO2
1506,C0284_10.0,Copia Test,C12,PB000149,H16,20.0,384PP_DMSO2
1508,C0285_10.0,Copia Test,C13,PB000149,H17,50.0,384PP_DMSO2
1510,C0286_10.0,Copia Test,C14,PB000149,H18,100.0,384PP_DMSO2
1512,C0287_10.0,Copia Test,C15,PB000149,H19,200.0,384PP_DMSO2
1514,C0288_10.0,Copia Test,C16,PB000149,H20,2.5,384PP_DMSO2
1516,C0289_10.0,Copia Test,C17,PB000149,H21,20.0,384PP_DMSO2
1518,C0290_10.0,Copia Test,C18,PB000149,H22,50.0,384PP_DMSO2
1520,C0291_10.0,Copia Test,C19,PB000149,H23,100.0,384PP_DMSO2
1522,C0292_10.0,Copia Test,C20,PB000149,H24,200.0,384PP_DMSO2
1524,C0293_10.0,Copia Test,C21,PB000149,I1,2.5,384PP_DMSO2
1526,C0294_10.0,Copia Test,C22,PB000149,I2,20.0,384PP_DMSO2
1528,C0295_10.0,Copia Test,C23,PB000149,I3,50.0,384PP_DMSO2
1530,C0296_10.0,Copia Test,C24,PB000149,I4,100.0,384PP_DMSO2
1532,C0297_10.0,Copia Test,D1,PB000149,I5,200.0,384PP_DMSO2
1534,C0298_10.0,Copia Test,D2,PB000149,I6,2.5,384PP_DMSO2
1536,C0299_10.0,Copia Test,D3,PB000149,I7,20.0,384PP_DMSO2
1538,C0300_10.0,Copia Test,D4,PB000149,I8,50.0,384PP_DMSO2
1540,C0301_10.0,Copia Test,D5,PB000149,I9,100.0,384PP_DMSO2
1542,C0302_10.0,Copia Test,D6,PB000149,I10,200.0,384PP_DMSO2
1544,C0303_10.0,Copia Test,D7,PB000149,I11,2.5,384PP_DMSO2
1546,C0304_10.0,Copia Test,D8,PB000149,I12,20.0,384PP_DMSO2
1548,C0305_10.0,Copia Test,D9,PB000149,I13,50.0,384PP_DMSO2
1550,C0306_10.0,Copia Test,D10,PB000149,I14,100.0,384PP_DMSO2
1552,C0307_10.0,Copia Test,D11,PB000149,I15,200.0,384PP_DMSO2
1554,C0308_10.0,Copia Test,D12,PB000149,I16,2.5,384PP_DMSO2
1556,C0309_10.0,Copia Test,D13,PB000149,I17,20.0,384PP_DMSO2
1558,C0310_10.0,Copia Test,D14,PB000149,I18,50.0,384PP_DMSO2
